{"final_train_loss": 0.8140563368797302, "best_val_loss": 1.4735411405563354, "total_train_time": 268.2716157436371, "avg_inference_tokens_per_second": 420.2858180104189}