{"final_train_loss": 0.7951923608779907, "best_val_loss": 1.471895456314087, "total_train_time": 272.81806230545044, "avg_inference_tokens_per_second": 426.12148962899437}