{"shakespeare_char": {"means": {"final_train_loss_mean": 0.8081642587979635, "best_val_loss_mean": 1.4706518650054932, "total_train_time_mean": 271.2708016236623, "avg_inference_tokens_per_second_mean": 424.58824982938705}, "stderrs": {"final_train_loss_stderr": 0.003061774895016168, "best_val_loss_stderr": 0.0009995373194324126, "total_train_time_stderr": 0.7070339281928258, "avg_inference_tokens_per_second_stderr": 1.0279459612555237}, "final_info_dict": {"final_train_loss": [0.8140563368797302, 0.7951923608779907, 0.8152440786361694], "best_val_loss": [1.4735411405563354, 1.471895456314087, 1.4665189981460571], "total_train_time": [268.2716157436371, 272.81806230545044, 272.7227268218994], "avg_inference_tokens_per_second": [420.2858180104189, 426.12148962899437, 427.35744184874795]}}, "enwik8": {"means": {"final_train_loss_mean": 0.9331086874008179, "best_val_loss_mean": 1.0046145915985107, "total_train_time_mean": 2031.4568166732788, "avg_inference_tokens_per_second_mean": 407.52963557315945}, "stderrs": {"final_train_loss_stderr": 0.0, "best_val_loss_stderr": 0.0, "total_train_time_stderr": 0.0, "avg_inference_tokens_per_second_stderr": 0.0}, "final_info_dict": {"final_train_loss": [0.9331086874008179], "best_val_loss": [1.0046145915985107], "total_train_time": [2031.4568166732788], "avg_inference_tokens_per_second": [407.52963557315945]}}, "text8": {"means": {"final_train_loss_mean": 0.9980946183204651, "best_val_loss_mean": 0.9791319370269775, "total_train_time_mean": 2032.140261888504, "avg_inference_tokens_per_second_mean": 417.86185332243565}, "stderrs": {"final_train_loss_stderr": 0.0, "best_val_loss_stderr": 0.0, "total_train_time_stderr": 0.0, "avg_inference_tokens_per_second_stderr": 0.0}, "final_info_dict": {"final_train_loss": [0.9980946183204651], "best_val_loss": [0.9791319370269775], "total_train_time": [2032.140261888504], "avg_inference_tokens_per_second": [417.86185332243565]}}}