{"final_train_loss": 0.9331086874008179, "best_val_loss": 1.0046145915985107, "total_train_time": 2031.4568166732788, "avg_inference_tokens_per_second": 407.52963557315945}