{"final_train_loss": 0.8152440786361694, "best_val_loss": 1.4665189981460571, "total_train_time": 272.7227268218994, "avg_inference_tokens_per_second": 427.35744184874795}