{"final_train_loss": 0.9980946183204651, "best_val_loss": 0.9791319370269775, "total_train_time": 2032.140261888504, "avg_inference_tokens_per_second": 417.86185332243565}