{"final_train_loss": 0.9926142692565918, "best_val_loss": 0.9801740050315857, "total_train_time": 1791.0722711086273, "avg_inference_tokens_per_second": 428.0359768780263}