{"final_train_loss": 0.999303936958313, "best_val_loss": 1.0561107397079468, "total_train_time": 2106.106795310974, "avg_inference_tokens_per_second": 427.5351042427695}