{"shakespeare_char": {"means": {"final_train_loss_mean": 0.9286336501439413, "best_val_loss_mean": 1.4725495179494221, "total_train_time_mean": 298.2392299969991, "avg_inference_tokens_per_second_mean": 436.6367174162249}, "stderrs": {"final_train_loss_stderr": 0.004084526444926584, "best_val_loss_stderr": 0.0005430313193231194, "total_train_time_stderr": 1.03135930658075, "avg_inference_tokens_per_second_stderr": 1.2280687089469964}, "final_info_dict": {"final_train_loss": [0.9455772638320923, 0.9170137047767639, 0.9233099818229675], "best_val_loss": [1.474217176437378, 1.470339059829712, 1.4730923175811768], "total_train_time": [293.9903333187103, 299.45806527137756, 301.2692914009094], "avg_inference_tokens_per_second": [431.63501938449383, 440.4014195790629, 437.8737132851179]}}, "enwik8": {"means": {"final_train_loss_mean": 0.999303936958313, "best_val_loss_mean": 1.0561107397079468, "total_train_time_mean": 2106.106795310974, "avg_inference_tokens_per_second_mean": 427.5351042427695}, "stderrs": {"final_train_loss_stderr": 0.0, "best_val_loss_stderr": 0.0, "total_train_time_stderr": 0.0, "avg_inference_tokens_per_second_stderr": 0.0}, "final_info_dict": {"final_train_loss": [0.999303936958313], "best_val_loss": [1.0561107397079468], "total_train_time": [2106.106795310974], "avg_inference_tokens_per_second": [427.5351042427695]}}, "text8": {"means": {"final_train_loss_mean": 1.0404508113861084, "best_val_loss_mean": 1.0324171781539917, "total_train_time_mean": 2093.517627477646, "avg_inference_tokens_per_second_mean": 427.2458199062347}, "stderrs": {"final_train_loss_stderr": 0.0, "best_val_loss_stderr": 0.0, "total_train_time_stderr": 0.0, "avg_inference_tokens_per_second_stderr": 0.0}, "final_info_dict": {"final_train_loss": [1.0404508113861084], "best_val_loss": [1.0324171781539917], "total_train_time": [2093.517627477646], "avg_inference_tokens_per_second": [427.2458199062347]}}}