{"final_train_loss": 0.9170137047767639, "best_val_loss": 1.470339059829712, "total_train_time": 299.45806527137756, "avg_inference_tokens_per_second": 440.4014195790629}