{"final_train_loss": 0.9455772638320923, "best_val_loss": 1.474217176437378, "total_train_time": 293.9903333187103, "avg_inference_tokens_per_second": 431.63501938449383}