{"final_train_loss": 1.0404508113861084, "best_val_loss": 1.0324171781539917, "total_train_time": 2093.517627477646, "avg_inference_tokens_per_second": 427.2458199062347}