{"final_train_loss": 0.9233099818229675, "best_val_loss": 1.4730923175811768, "total_train_time": 301.2692914009094, "avg_inference_tokens_per_second": 437.8737132851179}