{"final_train_loss": 0.8172283172607422, "best_val_loss": 1.4654321670532227, "total_train_time": 271.2178955078125, "avg_inference_tokens_per_second": 429.56328027738937}