{"final_train_loss": 0.9941245317459106, "best_val_loss": 0.9798057675361633, "total_train_time": 2003.0181980133057, "avg_inference_tokens_per_second": 424.28730798760955}