{"final_train_loss": 0.7888916730880737, "best_val_loss": 1.4752966165542603, "total_train_time": 255.70663857460022, "avg_inference_tokens_per_second": 434.53761038904014}