{"final_train_loss": 0.9379616379737854, "best_val_loss": 1.005318522453308, "total_train_time": 2029.7045879364014, "avg_inference_tokens_per_second": 410.25908248802415}