{"final_train_loss": 0.8190791606903076, "best_val_loss": 1.4724920988082886, "total_train_time": 140.3338975906372, "avg_inference_tokens_per_second": 423.68082171900613}