{"shakespeare_char": {"means": {"final_train_loss_mean": 0.8083997170130411, "best_val_loss_mean": 1.4710736274719238, "total_train_time_mean": 222.41947722434998, "avg_inference_tokens_per_second_mean": 429.2605707951452}, "stderrs": {"final_train_loss_stderr": 0.004604983119637987, "best_val_loss_stderr": 0.0013833905393445085, "total_train_time_stderr": 19.46255961386523, "avg_inference_tokens_per_second_stderr": 1.47914364187213}, "final_info_dict": {"final_train_loss": [0.8190791606903076, 0.7888916730880737, 0.8172283172607422], "best_val_loss": [1.4724920988082886, 1.4752966165542603, 1.4654321670532227], "total_train_time": [140.3338975906372, 255.70663857460022, 271.2178955078125], "avg_inference_tokens_per_second": [423.68082171900613, 434.53761038904014, 429.56328027738937]}}, "enwik8": {"means": {"final_train_loss_mean": 0.9379616379737854, "best_val_loss_mean": 1.005318522453308, "total_train_time_mean": 2029.7045879364014, "avg_inference_tokens_per_second_mean": 410.25908248802415}, "stderrs": {"final_train_loss_stderr": 0.0, "best_val_loss_stderr": 0.0, "total_train_time_stderr": 0.0, "avg_inference_tokens_per_second_stderr": 0.0}, "final_info_dict": {"final_train_loss": [0.9379616379737854], "best_val_loss": [1.005318522453308], "total_train_time": [2029.7045879364014], "avg_inference_tokens_per_second": [410.25908248802415]}}, "text8": {"means": {"final_train_loss_mean": 0.9941245317459106, "best_val_loss_mean": 0.9798057675361633, "total_train_time_mean": 2003.0181980133057, "avg_inference_tokens_per_second_mean": 424.28730798760955}, "stderrs": {"final_train_loss_stderr": 0.0, "best_val_loss_stderr": 0.0, "total_train_time_stderr": 0.0, "avg_inference_tokens_per_second_stderr": 0.0}, "final_info_dict": {"final_train_loss": [0.9941245317459106], "best_val_loss": [0.9798057675361633], "total_train_time": [2003.0181980133057], "avg_inference_tokens_per_second": [424.28730798760955]}}}