{"final_train_loss": 0.8219625949859619, "best_val_loss": 1.4773874282836914, "total_train_time": 410.5297646522522, "avg_inference_tokens_per_second": 343.337384127214}