{"final_train_loss": 0.831720232963562, "best_val_loss": 1.4671047925949097, "total_train_time": 404.2183253765106, "avg_inference_tokens_per_second": 340.44903340478197}