{"final_train_loss": 0.784302830696106, "best_val_loss": 1.4799282550811768, "total_train_time": 411.1323902606964, "avg_inference_tokens_per_second": 342.270916191229}