{"final_train_loss": 0.9977480173110962, "best_val_loss": 1.0281169414520264, "total_train_time": 2858.443796634674, "avg_inference_tokens_per_second": 338.6928307341758}