{"shakespeare_char": {"means": {"final_train_loss_mean": 0.81266188621521, "best_val_loss_mean": 1.474806825319926, "total_train_time_mean": 408.6268267631531, "avg_inference_tokens_per_second_mean": 342.019111241075}, "stderrs": {"final_train_loss_stderr": 0.0068149068479663585, "best_val_loss_stderr": 0.0018480205882415188, "total_train_time_stderr": 1.0423247792353945, "avg_inference_tokens_per_second_stderr": 0.3975104725976579}, "final_info_dict": {"final_train_loss": [0.831720232963562, 0.784302830696106, 0.8219625949859619], "best_val_loss": [1.4671047925949097, 1.4799282550811768, 1.4773874282836914], "total_train_time": [404.2183253765106, 411.1323902606964, 410.5297646522522], "avg_inference_tokens_per_second": [340.44903340478197, 342.270916191229, 343.337384127214]}}, "enwik8": {"means": {"final_train_loss_mean": 0.9977480173110962, "best_val_loss_mean": 1.0281169414520264, "total_train_time_mean": 2858.443796634674, "avg_inference_tokens_per_second_mean": 338.6928307341758}, "stderrs": {"final_train_loss_stderr": 0.0, "best_val_loss_stderr": 0.0, "total_train_time_stderr": 0.0, "avg_inference_tokens_per_second_stderr": 0.0}, "final_info_dict": {"final_train_loss": [0.9977480173110962], "best_val_loss": [1.0281169414520264], "total_train_time": [2858.443796634674], "avg_inference_tokens_per_second": [338.6928307341758]}}, "text8": {"means": {"final_train_loss_mean": 1.0432049036026, "best_val_loss_mean": 1.0029417276382446, "total_train_time_mean": 2778.0829932689667, "avg_inference_tokens_per_second_mean": 344.9110870393106}, "stderrs": {"final_train_loss_stderr": 0.0, "best_val_loss_stderr": 0.0, "total_train_time_stderr": 0.0, "avg_inference_tokens_per_second_stderr": 0.0}, "final_info_dict": {"final_train_loss": [1.0432049036026], "best_val_loss": [1.0029417276382446], "total_train_time": [2778.0829932689667], "avg_inference_tokens_per_second": [344.9110870393106]}}}