{"final_train_loss": 1.0432049036026, "best_val_loss": 1.0029417276382446, "total_train_time": 2778.0829932689667, "avg_inference_tokens_per_second": 344.9110870393106}