{"final_train_loss": 1.0610493421554565, "best_val_loss": 1.0670863389968872, "total_train_time": 2821.2311594486237, "avg_inference_tokens_per_second": 339.00096718635035}