{"shakespeare_char": {"means": {"final_train_loss_mean": 1.0614346663157146, "best_val_loss_mean": 1.4771403074264526, "total_train_time_mean": 387.7747008005778, "avg_inference_tokens_per_second_mean": 339.1847506778086}, "stderrs": {"final_train_loss_stderr": 0.00511552468896021, "best_val_loss_stderr": 0.0019187772295226095, "total_train_time_stderr": 2.3077289879416907, "avg_inference_tokens_per_second_stderr": 0.830325943142407}, "final_info_dict": {"final_train_loss": [1.0746123790740967, 1.0399113893508911, 1.0697802305221558], "best_val_loss": [1.484055995941162, 1.4774017333984375, 1.4699631929397583], "total_train_time": [377.98383712768555, 392.67437624931335, 392.6658890247345], "avg_inference_tokens_per_second": [336.1519945147998, 342.25330412371164, 339.14895339491443]}}, "enwik8": {"means": {"final_train_loss_mean": 1.0610493421554565, "best_val_loss_mean": 1.0670863389968872, "total_train_time_mean": 2821.2311594486237, "avg_inference_tokens_per_second_mean": 339.00096718635035}, "stderrs": {"final_train_loss_stderr": 0.0, "best_val_loss_stderr": 0.0, "total_train_time_stderr": 0.0, "avg_inference_tokens_per_second_stderr": 0.0}, "final_info_dict": {"final_train_loss": [1.0610493421554565], "best_val_loss": [1.0670863389968872], "total_train_time": [2821.2311594486237], "avg_inference_tokens_per_second": [339.00096718635035]}}, "text8": {"means": {"final_train_loss_mean": 1.0922839641571045, "best_val_loss_mean": 1.0372061729431152, "total_train_time_mean": 2861.5989944934845, "avg_inference_tokens_per_second_mean": 342.63789497987074}, "stderrs": {"final_train_loss_stderr": 0.0, "best_val_loss_stderr": 0.0, "total_train_time_stderr": 0.0, "avg_inference_tokens_per_second_stderr": 0.0}, "final_info_dict": {"final_train_loss": [1.0922839641571045], "best_val_loss": [1.0372061729431152], "total_train_time": [2861.5989944934845], "avg_inference_tokens_per_second": [342.63789497987074]}}}