{"final_train_loss": 1.0399113893508911, "best_val_loss": 1.4774017333984375, "total_train_time": 392.67437624931335, "avg_inference_tokens_per_second": 342.25330412371164}