{"final_train_loss": 1.0697802305221558, "best_val_loss": 1.4699631929397583, "total_train_time": 392.6658890247345, "avg_inference_tokens_per_second": 339.14895339491443}