{"final_train_loss": 1.0922839641571045, "best_val_loss": 1.0372061729431152, "total_train_time": 2861.5989944934845, "avg_inference_tokens_per_second": 342.63789497987074}