{"final_train_loss": 1.0746123790740967, "best_val_loss": 1.484055995941162, "total_train_time": 377.98383712768555, "avg_inference_tokens_per_second": 336.1519945147998}