{
  "topic_coverage": {
    "気候変動対策": 0.26521870493888855,
    "再生可能エネルギー": 0.18966296315193176,
    "廃棄物管理": 0.15934649109840393,
    "水資源管理": 0.19540318846702576,
    "エネルギー効率": 0.16290432214736938,
    "生物多様性": 0.043889570981264114,
    "労働条件": 0.292910099029541,
    "人権": -0.03282710164785385,
    "ダイバーシティ": 0.018277306109666824,
    "従業員の健康と安全": 0.204595148563385,
    "サプライチェーン管理": 0.3122651278972626,
    "地域社会への貢献": 0.2348935306072235,
    "コーポレートガバナンス": 0.1269109845161438,
    "リスク管理": 0.4143410325050354,
    "コンプライアンス": 0.2602350115776062,
    "取締役会の構成": 0.3177969753742218,
    "株主の権利": 0.28356802463531494,
    "経営の透明性": 0.29241594672203064
  },
  "iteration_quality": [
    0.20787817239761353,
    0.2620449960231781,
    0.19219838082790375
  ]
}