{
  "topic_coverage": {
    "気候変動対策": 0.20727698504924774,
    "再生可能エネルギー": 0.10210052877664566,
    "廃棄物管理": 0.10609397292137146,
    "水資源管理": 0.18909107148647308,
    "エネルギー効率": 0.08984696865081787,
    "生物多様性": 0.017581799998879433,
    "労働条件": 0.2382042407989502,
    "人権": -0.05024580657482147,
    "ダイバーシティ": 0.05766372010111809,
    "従業員の健康と安全": 0.1645219922065735,
    "サプライチェーン管理": 0.2916727662086487,
    "地域社会への貢献": 0.17740783095359802,
    "コーポレートガバナンス": 0.1457473635673523,
    "リスク管理": 0.430355966091156,
    "コンプライアンス": 0.2715773582458496,
    "取締役会の構成": 0.30996066331863403,
    "株主の権利": 0.24860240519046783,
    "経営の透明性": 0.2866164445877075
  },
  "iteration_quality": [
    