{"final_train_loss": 0.7983449697494507, "best_val_loss": 1.4695074558258057, "total_train_time": 222.25695943832397, "avg_inference_tokens_per_second": 423.9253658980136}