{"final_train_loss": 0.9991214871406555, "best_val_loss": 0.9799132347106934, "total_train_time": 2055.568603515625, "avg_inference_tokens_per_second": 413.7737925496147}