{"shakespeare_char": {"means": {"final_train_loss_mean": 0.8131352861722311, "best_val_loss_mean": 1.4682239294052124, "total_train_time_mean": 269.91516280174255, "avg_inference_tokens_per_second_mean": 409.9352165280811}, "stderrs": {"final_train_loss_stderr": 0.0017919044816760777, "best_val_loss_stderr": 0.0015584165353872434, "total_train_time_stderr": 3.0592886561226647, "avg_inference_tokens_per_second_stderr": 1.132396771359342}, "final_info_dict": {"final_train_loss": [0.8178136348724365, 0.805606484413147, 0.8159857392311096], "best_val_loss": [1.469874382019043, 1.4729434251785278, 1.4618539810180664], "total_train_time": [256.9946300983429, 277.4453411102295, 275.3055171966553], "avg_inference_tokens_per_second": [414.5056099322848, 406.3674516433056, 408.93258800865283]}}, "enwik8": {"means": {"final_train_loss_mean": 0.9369298219680786, "best_val_loss_mean": 1.0046498775482178, "total_train_time_mean": 2030.1735174655914, "avg_inference_tokens_per_second_mean": 423.8886751583167}, "stderrs": {"final_train_loss_stderr": 0.0, "best_val_loss_stderr": 0.0, "total_train_time_stderr": 0.0, "avg_inference_tokens_per_second_stderr": 0.0}, "final_info_dict": {"final_train_loss": [0.9369298219680786], "best_val_loss": [1.0046498775482178], "total_train_time": [2030.1735174655914], "avg_inference_tokens_per_second": [423.8886751583167]}}, "text8": {"means": {"final_train_loss_mean": 0.9991214871406555, "best_val_loss_mean": 0.9799132347106934, "total_train_time_mean": 2055.568603515625, "avg_inference_tokens_per_second_mean": 413.7737925496147}, "stderrs": {"final_train_loss_stderr": 0.0, "best_val_loss_stderr": 0.0, "total_train_time_stderr": 0.0, "avg_inference_tokens_per_second_stderr": 0.0}, "final_info_dict": {"final_train_loss": [0.9991214871406555], "best_val_loss": [0.9799132347106934], "total_train_time": [2055.568603515625], "avg_inference_tokens_per_second": [413.7737925496147]}}}