{"final_train_loss": 0.805606484413147, "best_val_loss": 1.4729434251785278, "total_train_time": 277.4453411102295, "avg_inference_tokens_per_second": 406.3674516433056}