{"final_train_loss": 0.9369298219680786, "best_val_loss": 1.0046498775482178, "total_train_time": 2030.1735174655914, "avg_inference_tokens_per_second": 423.8886751583167}