{"final_train_loss": 0.8178136348724365, "best_val_loss": 1.469874382019043, "total_train_time": 256.9946300983429, "avg_inference_tokens_per_second": 414.5056099322848}