{"final_train_loss": 0.8159857392311096, "best_val_loss": 1.4618539810180664, "total_train_time": 275.3055171966553, "avg_inference_tokens_per_second": 408.93258800865283}