{"final_train_loss": 0.8110784292221069, "best_val_loss": 1.4640076160430908, "total_train_time": 233.23934602737427, "avg_inference_tokens_per_second": 422.5116767625459}