{"final_train_loss": 0.9315934181213379, "best_val_loss": 1.0042643547058105, "total_train_time": 1824.0911252498627, "avg_inference_tokens_per_second": 429.3039335196625}