{"final_train_loss": 0.8149683475494385, "best_val_loss": 1.469862461090088, "total_train_time": 162.49659085273743, "avg_inference_tokens_per_second": 413.94690962754294}