{"shakespeare_char": {"means": {"final_train_loss_mean": 0.8081305821736654, "best_val_loss_mean": 1.4677925109863281, "total_train_time_mean": 205.99763210614523, "avg_inference_tokens_per_second_mean": 420.12798409603414}, "stderrs": {"final_train_loss_stderr": 0.0023664557658148234, "best_val_loss_stderr": 0.0008934153976786069, "total_train_time_stderr": 10.3616409625469, "avg_inference_tokens_per_second_stderr": 1.4695398733569434}, "final_info_dict": {"final_train_loss": [0.8149683475494385, 0.7983449697494507, 0.8110784292221069], "best_val_loss": [1.469862461090088, 1.4695074558258057, 1.4640076160430908], "total_train_time": [162.49659085273743, 222.25695943832397, 233.23934602737427], "avg_inference_tokens_per_second": [413.94690962754294, 423.9253658980136, 422.5116767625459]}}, "enwik8": {"means": {"final_train_loss_mean": 0.9315934181213379, "best_val_loss_mean": 1.0042643547058105, "total_train_time_mean": 1824.0911252498627, "avg_inference_tokens_per_second_mean": 429.3039335196625}, "stderrs": {"final_train_loss_stderr": 0.0, "best_val_loss_stderr": 0.0, "total_train_time_stderr": 0.0, "avg_inference_tokens_per_second_stderr": 0.0}, "final_info_dict": {"final_train_loss": [0.9315934181213379], "best_val_loss": [1.0042643547058105], "total_train_time": [1824.0911252498627], "avg_inference_tokens_per_second": [429.3039335196625]}}, "text8": {"means": {"final_train_loss_mean": 0.9926142692565918, "best_val_loss_mean": 0.9801740050315857, "total_train_time_mean": 1791.0722711086273, "avg_inference_tokens_per_second_mean": 428.0359768780263}, "stderrs": {"final_train_loss_stderr": 0.0, "best_val_loss_stderr": 0.0, "total_train_time_stderr": 0.0, "avg_inference_tokens_per_second_stderr": 0.0}, "final_info_dict": {"final_train_loss": [0.9926142692565918], "best_val_loss": [0.9801740050315857], "total_train_time": [1791.0722711086273], "avg_inference_tokens_per_second": [428.0359768780263]}}}