{"final_train_loss": 2.3696889877319336, "best_val_loss": 2.437260866165161, "total_train_time": 1966.6733367443085, "avg_inference_tokens_per_second": 425.2539341656864}