{"final_train_loss": 2.221726894378662, "best_val_loss": 2.3070130348205566, "total_train_time": 190.0977988243103, "avg_inference_tokens_per_second": 428.7538157023374}