{"final_train_loss": 2.1495440006256104, "best_val_loss": 2.3132829666137695, "total_train_time": 197.57515954971313, "avg_inference_tokens_per_second": 425.4260707821648}