{"final_train_loss": 2.3483481407165527, "best_val_loss": 2.3058266639709473, "total_train_time": 191.60557889938354, "avg_inference_tokens_per_second": 425.7806057007054}