{"shakespeare_char": {"means": {"final_train_loss_mean": 2.239873011906942, "best_val_loss_mean": 2.3087075551350913, "total_train_time_mean": 193.09284575780234, "avg_inference_tokens_per_second_mean": 426.6534973950692}, "stderrs": {"final_train_loss_stderr": 0.027389823353908715, "best_val_loss_stderr": 0.001090452220075661, "total_train_time_stderr": 1.0762315214764122, "avg_inference_tokens_per_second_stderr": 0.4973951775668073}, "final_info_dict": {"final_train_loss": [2.1495440006256104, 2.221726894378662, 2.3483481407165527], "best_val_loss": [2.3132829666137695, 2.3070130348205566, 2.3058266639709473], "total_train_time": [197.57515954971313, 190.0977988243103, 191.60557889938354], "avg_inference_tokens_per_second": [425.4260707821648, 428.7538157023374, 425.7806057007054]}}, "enwik8": {"means": {"final_train_loss_mean": 2.3696889877319336, "best_val_loss_mean": 2.437260866165161, "total_train_time_mean": 1966.6733367443085, "avg_inference_tokens_per_second_mean": 425.2539341656864}, "stderrs": {"final_train_loss_stderr": 0.0, "best_val_loss_stderr": 0.0, "total_train_time_stderr": 0.0, "avg_inference_tokens_per_second_stderr": 0.0}, "final_info_dict": {"final_train_loss": [2.3696889877319336], "best_val_loss": [2.437260866165161], "total_train_time": [1966.6733367443085], "avg_inference_tokens_per_second": [425.2539341656864]}}, "text8": {"means": {"final_train_loss_mean": 2.2091245651245117, "best_val_loss_mean": 2.1760478019714355, "total_train_time_mean": 1949.2548768520355, "avg_inference_tokens_per_second_mean": 431.74111349742986}, "stderrs": {"final_train_loss_stderr": 0.0, "best_val_loss_stderr": 0.0, "total_train_time_stderr": 0.0, "avg_inference_tokens_per_second_stderr": 0.0}, "final_info_dict": {"final_train_loss": [2.2091245651245117], "best_val_loss": [2.1760478019714355], "total_train_time": [1949.2548768520355], "avg_inference_tokens_per_second": [431.74111349742986]}}}