{"final_train_loss": 2.2091245651245117, "best_val_loss": 2.1760478019714355, "total_train_time": 1949.2548768520355, "avg_inference_tokens_per_second": 431.74111349742986}