{"shakespeare_char": {"means": {"final_train_loss_mean": 0.80636594692866, "best_val_loss_mean": 1.4652640422185261, "total_train_time_mean": 241.87445680300394, "avg_inference_tokens_per_second_mean": 423.8117567541323}, "stderrs": {"final_train_loss_stderr": 0.004283924823574981, "best_val_loss_stderr": 0.0020145827270656113, "total_train_time_stderr": 20.016021643153415, "avg_inference_tokens_per_second_stderr": 1.604157720593918}, "final_info_dict": {"final_train_loss": [0.8165279626846313, 0.7882349491119385, 0.8143349289894104], "best_val_loss": [1.4608333110809326, 1.4738092422485352, 1.4611495733261108], "total_train_time": [158.12380981445312, 271.5831456184387, 295.91641497612], "avg_inference_tokens_per_second": [417.85571658929575, 423.937753683516, 429.6417999895851]}}, "enwik8": {"means": {"final_train_loss_mean": 0.9362959861755371, "best_val_loss_mean": 1.0053163766860962, "total_train_time_mean": 2124.208582162857, "avg_inference_tokens_per_second_mean": 426.5265836185792}, "stderrs": {"final_train_loss_stderr": 0.0, "best_val_loss_stderr": 0.0, "total_train_time_stderr": 0.0, "avg_inference_tokens_per_second_stderr": 0.0}, "final_info_dict": {"final_train_loss": [0.9362959861755371], "best_val_loss": [1.0053163766860962], "total_train_time": [2124.208582162857], "avg_inference_tokens_per_second": [426.5265836185792]}}, "text8": {"means": {"final_train_loss_mean": 0.9939010143280029, "best_val_loss_mean": 0.9795339703559875, "total_train_time_mean": 2107.0534999370575, "avg_inference_tokens_per_second_mean": 427.5989069462752}, "stderrs": {"final_train_loss_stderr": 0.0, "best_val_loss_stderr": 0.0, "total_train_time_stderr": 0.0, "avg_inference_tokens_per_second_stderr": 0.0}, "final_info_dict": {"final_train_loss": [0.9939010143280029], "best_val_loss": [0.9795339703559875], "total_train_time": [2107.0534999370575], "avg_inference_tokens_per_second": [427.5989069462752]}}}