{"final_train_loss": 0.9939010143280029, "best_val_loss": 0.9795339703559875, "total_train_time": 2107.0534999370575, "avg_inference_tokens_per_second": 427.5989069462752}