{"final_train_loss": 0.9362959861755371, "best_val_loss": 1.0053163766860962, "total_train_time": 2124.208582162857, "avg_inference_tokens_per_second": 426.5265836185792}