{"final_train_loss": 0.8165279626846313, "best_val_loss": 1.4608333110809326, "total_train_time": 158.12380981445312, "avg_inference_tokens_per_second": 417.85571658929575}