{"final_train_loss": 0.8143349289894104, "best_val_loss": 1.4611495733261108, "total_train_time": 295.91641497612, "avg_inference_tokens_per_second": 429.6417999895851}