{"final_train_loss": 0.7882349491119385, "best_val_loss": 1.4738092422485352, "total_train_time": 271.5831456184387, "avg_inference_tokens_per_second": 423.937753683516}